,Nspec,Nbins,WvlStart,WvlEnd,SplineKnots,SN,dm15,TypeStr,TypeInt,SubTypeInt,WFF subtype int,WFF subtype str,WFF broadtype int,WFF broadtype str
0,60,1024,2500.0,10000.0,11,sn2003du,1.07,Ia-norm,1,2,0,Ia-norm,0,Ia
1,15,1024,2500.0,10000.0,8,sn2003it,1.36,Ia-norm,1,2,0,Ia-norm,0,Ia
2,5,1024,2500.0,10000.0,10,sn2000er,-9.99,Ibn,2,5,7,Ibn,1,Ib
3,8,1024,2500.0,10000.0,8,sn2001N,-9.99,Ia-norm,1,2,0,Ia-norm,0,Ia
4,10,1024,2500.0,10000.0,10,sn2007qe,1.03,Ia-norm,1,2,0,Ia-norm,0,Ia
5,11,1024,2500.0,10000.0,8,sn1999cl,1.17,Ia-norm,1,2,0,Ia-norm,0,Ia
6,1,1024,2500.0,10000.0,10,sn03gq,-9.99,Ia-02cx,1,8,4,Iax,0,Ia
7,3,1024,2500.0,10000.0,8,sn2005hc,1.03,Ia-norm,1,2,0,Ia-norm,0,Ia
8,7,1024,2500.0,10000.0,8,sn1997dt,1.04,Ia-norm,1,2,0,Ia-norm,0,Ia
9,3,1024,2500.0,10000.0,10,sn06kf,-9.99,Ia-norm,1,2,0,Ia-norm,0,Ia
10,19,1024,2500.0,10000.0,11,sn94ae,0.86,Ia-norm,1,2,0,Ia-norm,0,Ia
11,15,1024,2500.0,10000.0,10,sn2008Z,1.02,Ia-norm,1,2,0,Ia-norm,0,Ia
12,1,1024,2500.0,10000.0,10,sn08bt,-9.99,Ia-91bg,1,4,2,Ia-91bg,0,Ia
13,33,1024,2500.0,10000.0,8,sn98bu,1.01,Ia-norm,1,2,0,Ia-norm,0,Ia
14,1,1024,2500.0,10000.0,9,sn02bg,-9.99,Ia-norm,1,2,0,Ia-norm,0,Ia
15,8,1024,2500.0,10000.0,8,sn2005el,1.27,Ia-norm,1,2,0,Ia-norm,0,Ia
16,8,1024,2500.0,10000.0,11,sn02cx,1.29,Ia-02cx,1,8,4,Iax,0,Ia
17,4,1024,2500.0,10000.0,8,sn1996bl,1.07,Ia-norm,1,2,0,Ia-norm,0,Ia
18,4,1024,2500.0,10000.0,10,sn06ej,-9.99,Ia-norm,1,2,0,Ia-norm,0,Ia
19,11,1024,2500.0,10000.0,13,12au,-9.99,Ib,2,2,6,Ib-norm,1,Ib
20,1,1024,2500.0,10000.0,8,sn2002ef,1.06,Ia-norm,1,2,0,Ia-norm,0,Ia
21,15,1024,2500.0,10000.0,10,sn2001G,-9.99,Ia-norm,1,2,0,Ia-norm,0,Ia
22,1,1024,2500.0,10000.0,11,sn06cs,-9.99,Ia-91bg,1,4,2,Ia-91bg,0,Ia
23,26,1024,2500.0,10000.0,9,sn1998es,0.85,Ia-91T,1,3,1,Ia-91T,0,Ia
24,7,1024,2500.0,10000.0,11,sn2001da,1.12,Ia-norm,1,2,0,Ia-norm,0,Ia
25,1,1024,2500.0,10000.0,11,sn03ai,-9.99,Ia-norm,1,2,0,Ia-norm,0,Ia
26,1,1024,2500.0,10000.0,9,sn2007bz,1.05,Ia-norm,1,2,0,Ia-norm,0,Ia
27,1,1024,2500.0,10000.0,8,sn1996bk,1.78,Ia-norm,1,2,0,Ia-norm,0,Ia
28,3,1024,2500.0,10000.0,10,sn04eo,-9.99,Ia-norm,1,2,0,Ia-norm,0,Ia
29,16,1024,2500.0,10000.0,13,sn1991T,0.93,Ia-91T,1,3,1,Ia-91T,0,Ia
30,10,1024,2500.0,10000.0,10,sn2007uy,-9.99,Ib-pec,2,3,9,Ib-pec,1,Ib
31,17,1024,2500.0,10000.0,9,sn2006gr,0.81,Ia-norm,1,2,0,Ia-norm,0,Ia
32,25,1024,2500.0,10000.0,9,sn2003jd,-9.99,Ic-broad,3,4,11,Ic-broad,2,Ic
33,10,1024,2500.0,10000.0,8,sn1999gp,0.87,Ia-91T,1,3,1,Ia-91T,0,Ia
34,27,1024,2500.0,10000.0,8,sn2007le,1.01,Ia-norm,1,2,0,Ia-norm,0,Ia
35,27,1024,2500.0,10000.0,12,sn1996X,1.26,Ia-norm,1,2,0,Ia-norm,0,Ia
36,11,1024,2500.0,10000.0,10,sn2007ru,-9.99,Ic-broad,3,4,11,Ic-broad,2,Ic
37,10,1024,2500.0,10000.0,9,sn2005hj,0.93,Ia-91T,1,3,1,Ia-91T,0,Ia
38,6,1024,2500.0,10000.0,8,sn2005ek,-9.99,Ic-pec,3,3,12,Ic-pec,2,Ic
39,1,1024,2500.0,10000.0,10,sn2001cj,0.96,Ia-norm,1,2,0,Ia-norm,0,Ia
40,3,1024,2500.0,10000.0,8,sn2000bk,1.46,Ia-norm,1,2,0,Ia-norm,0,Ia
41,3,1024,2500.0,10000.0,10,sn1996C,0.93,Ia-norm,1,2,0,Ia-norm,0,Ia
42,8,1024,2500.0,10000.0,8,sn2001gc,-9.99,Ia-norm,1,2,0,Ia-norm,0,Ia
43,1,1024,2500.0,10000.0,10,sn06cp,-9.99,Ia-norm,1,2,0,Ia-norm,0,Ia
44,3,1024,2500.0,10000.0,8,sn2007ba,1.89,Ia-91bg,1,4,2,Ia-91bg,0,Ia
45,13,1024,2500.0,10000.0,10,sn2004gt,-9.99,Ic-norm,3,2,10,Ic-norm,2,Ic
46,8,1024,2500.0,10000.0,9,sn2007fs,-9.99,Ia-norm,1,2,0,Ia-norm,0,Ia
47,1,1024,2500.0,10000.0,8,sn2006nz,-9.99,Ia-norm,1,2,0,Ia-norm,0,Ia
48,10,1024,2500.0,10000.0,9,sn2004gs,1.41,Ia-norm,1,2,0,Ia-norm,0,Ia
49,26,1024,2500.0,10000.0,13,10as,-9.99,IIb,2,4,8,IIb,1,Ib
50,4,1024,2500.0,10000.0,11,sn2002ao,-9.99,Ibn,2,5,7,Ibn,1,Ib
51,6,1024,2500.0,10000.0,9,sn1996ai,0.88,Ia-norm,1,2,0,Ia-norm,0,Ia
52,9,1024,2500.0,10000.0,9,sn2007ax,1.87,Ia-91bg,1,4,2,Ia-91bg,0,Ia
53,1,1024,2500.0,10000.0,11,sn06cq,-9.99,Ia-norm,1,2,0,Ia-norm,0,Ia
54,6,1024,2500.0,10000.0,8,sn2002es,1.28,Ia-91bg,1,4,2,Ia-91bg,0,Ia
55,14,1024,2500.0,10000.0,9,sn2008A,1.28,Ia-02cx,1,6,4,Iax,0,Ia
56,4,1024,2500.0,10000.0,8,sn1998ef,1.27,Ia-norm,1,2,0,Ia-norm,0,Ia
57,3,1024,2500.0,10000.0,8,sn1999cp,0.98,Ia-norm,1,2,0,Ia-norm,0,Ia
58,14,1024,2500.0,10000.0,10,sn1997do,0.94,Ia-norm,1,2,0,Ia-norm,0,Ia
59,1,1024,2500.0,10000.0,10,sn06ke,-9.99,Ia-91bg,1,4,2,Ia-91bg,0,Ia
60,2,1024,2500.0,10000.0,8,sn1999cw,0.94,Ia-91T,1,3,1,Ia-91T,0,Ia
61,4,1024,2500.0,10000.0,11,sn06dw,-9.99,Ia-norm,1,2,0,Ia-norm,0,Ia
62,3,1024,2500.0,10000.0,10,sn04fz,-9.99,Ia-norm,1,2,0,Ia-norm,0,Ia
63,5,1024,2500.0,10000.0,10,sn2002hu,1.05,Ia-91T,1,3,1,Ia-91T,0,Ia
64,26,1024,2500.0,10000.0,11,sn2006aj,-9.99,Ic-broad,3,4,11,Ic-broad,2,Ic
65,10,1024,2500.0,10000.0,13,sn2012P,-9.99,IIb,2,4,8,IIb,1,Ib
66,27,1024,2500.0,10000.0,11,sn2004aw,-9.99,Ic-pec,3,2,12,Ic-pec,2,Ic
67,41,1024,2500.0,10000.0,11,sn2005cs,-9.99,IIP,4,2,13,IIP,3,II
68,14,1024,2500.0,10000.0,12,sn2006bt,1.0,Ia-norm,1,2,0,Ia-norm,0,Ia
69,1,1024,2500.0,10000.0,10,sn04bl,-9.99,Ia-norm,1,2,0,Ia-norm,0,Ia
70,11,1024,2500.0,10000.0,9,sn2007ci,1.6,Ia-norm,1,2,0,Ia-norm,0,Ia
71,2,1024,2500.0,10000.0,11,sn06os,-9.99,Ia-norm,1,2,0,Ia-norm,0,Ia
72,8,1024,2500.0,10000.0,10,sn1990I,-9.99,Ib-norm,2,2,6,Ib-norm,1,Ib
73,42,1024,2500.0,10000.0,11,sn1999aa,0.78,Ia-91T,1,3,1,Ia-91T,0,Ia
74,6,1024,2500.0,10000.0,10,sn07af,-9.99,Ia-norm,1,2,0,Ia-norm,0,Ia
75,3,1024,2500.0,10000.0,7,sn2007cg,1.05,Ia-norm,1,2,0,Ia-norm,0,Ia
76,11,1024,2500.0,10000.0,9,sn2006ac,1.2,Ia-norm,1,2,0,Ia-norm,0,Ia
77,12,1024,2500.0,10000.0,8,sn2001fe,1.0,Ia-norm,1,2,0,Ia-norm,0,Ia
78,1,1024,2500.0,10000.0,7,sn2006eq,1.62,Ia-norm,1,2,0,Ia-norm,0,Ia
79,4,1024,2500.0,10000.0,8,sn1997E,1.4,Ia-norm,1,2,0,Ia-norm,0,Ia
80,22,1024,2500.0,10000.0,8,sn2006le,0.88,Ia-norm,1,2,0,Ia-norm,0,Ia
81,2,1024,2500.0,10000.0,10,sn03Y,-9.99,Ia-91bg,1,4,2,Ia-91bg,0,Ia
82,1,1024,2500.0,10000.0,9,sn2006ev,1.32,Ia-norm,1,2,0,Ia-norm,0,Ia
83,6,1024,2500.0,10000.0,10,sn04dt,-9.99,Ia-norm,1,2,0,Ia-norm,0,Ia
84,3,1024,2500.0,10000.0,9,sn2006bz,2.09,Ia-91bg,1,4,2,Ia-91bg,0,Ia
85,15,1024,2500.0,10000.0,11,sn1990N,0.95,Ia-norm,1,2,0,Ia-norm,0,Ia
86,5,1024,2500.0,10000.0,8,sn2004bg,1.05,Ia-norm,1,2,0,Ia-norm,0,Ia
87,17,1024,2500.0,10000.0,8,sn2007gr,-9.99,Ic-norm,3,2,10,Ic-norm,2,Ic
88,2,1024,2500.0,10000.0,10,sn06or,-9.99,Ia-norm,1,2,0,Ia-norm,0,Ia
89,9,1024,2500.0,10000.0,8,sn2004fu,1.08,Ia-norm,1,2,0,Ia-norm,0,Ia
90,67,1024,2500.0,10000.0,11,sn2005cf,1.1,Ia-norm,1,2,0,Ia-norm,0,Ia
91,7,1024,2500.0,10000.0,12,sn2004S,1.02,Ia-norm,1,2,0,Ia-norm,0,Ia
92,13,1024,2500.0,10000.0,10,sn1997bp,1.08,Ia-norm,1,2,0,Ia-norm,0,Ia
93,6,1024,2500.0,10000.0,9,sn1990U,-9.99,Ib-norm,2,2,6,Ib-norm,1,Ib
94,2,1024,2500.0,10000.0,11,sn02ef,-9.99,Ia-norm,1,2,0,Ia-norm,0,Ia
95,1,1024,2500.0,10000.0,9,sn2006em,1.5,Ia-91bg,1,4,2,Ia-91bg,0,Ia
96,16,1024,2500.0,10000.0,9,sn2013dx,-9.99,Ic-broad,3,4,11,Ic-broad,2,Ic
97,15,1024,2500.0,10000.0,11,sn2012ap,-9.99,Ic-broad,3,4,11,Ic-broad,2,Ic
98,4,1024,2500.0,10000.0,8,sn1997Y,1.15,Ia-norm,1,2,0,Ia-norm,0,Ia
99,24,1024,2500.0,10000.0,11,sn02er,1.33,Ia-norm,1,2,0,Ia-norm,0,Ia
100,19,1024,2500.0,10000.0,11,16coi,-9.99,Ic-broad,3,4,11,Ic-broad,2,Ic
101,3,1024,2500.0,10000.0,11,sn05eq,-9.99,Ia-99aa,1,7,1,Ia-91T,0,Ia
102,4,1024,2500.0,10000.0,8,sn2006ax,1.06,Ia-norm,1,2,0,Ia-norm,0,Ia
103,2,1024,2500.0,10000.0,11,sn03he,-9.99,Ia-norm,1,2,0,Ia-norm,0,Ia
104,5,1024,2500.0,10000.0,11,PTF10vgv,-9.99,Ic-broad,3,4,11,Ic-broad,2,Ic
105,8,1024,2500.0,10000.0,8,sn2002ck,1.08,Ia-norm,1,2,0,Ia-norm,0,Ia
106,3,1024,2500.0,10000.0,10,sn06lf,-9.99,Ia-norm,1,2,0,Ia-norm,0,Ia
107,2,1024,2500.0,10000.0,10,sn06em,-9.99,Ia-91bg,1,4,2,Ia-91bg,0,Ia
108,1,1024,2500.0,10000.0,7,sn2007D,-9.99,Ic-broad,3,4,11,Ic-broad,2,Ic
109,44,1024,2500.0,10000.0,11,sn2000cx,0.99,Ia-pec,1,6,5,Ia-pec,0,Ia
110,10,1024,2500.0,10000.0,11,sn95D,0.99,Ia-norm,1,2,0,Ia-norm,0,Ia
111,9,1024,2500.0,10000.0,8,sn2001en,1.12,Ia-norm,1,2,0,Ia-norm,0,Ia
112,1,1024,2500.0,10000.0,10,sn94S,-9.99,Ia-norm,1,2,0,Ia-norm,0,Ia
113,12,1024,2500.0,10000.0,11,sn2000H,-9.99,IIb,2,4,8,IIb,1,Ib
114,8,1024,2500.0,10000.0,8,sn1995bd,0.94,Ia-91T,1,3,1,Ia-91T,0,Ia
115,3,1024,2500.0,10000.0,8,sn1999ef,1.06,Ia-norm,1,2,0,Ia-norm,0,Ia
116,5,1024,2500.0,10000.0,8,sn2008ae,-9.99,Ia-pec,1,6,5,Ia-pec,0,Ia
117,5,1024,2500.0,10000.0,10,sn07fb,-9.99,Ia-norm,1,2,0,Ia-norm,0,Ia
118,4,1024,2500.0,10000.0,7,sn2003hu,-9.99,Ia-91T,1,3,1,Ia-91T,0,Ia
119,38,1024,2500.0,10000.0,11,sn1994I,-9.99,Ic-norm,3,2,10,Ic-norm,2,Ic
120,8,1024,2500.0,10000.0,8,sn2006hb,1.44,Ia-91bg,1,4,2,Ia-91bg,0,Ia
121,16,1024,2500.0,10000.0,11,sn2007C,-9.99,Ib-norm,2,2,6,Ib-norm,1,Ib
122,5,1024,2500.0,10000.0,8,sn1999gd,1.18,Ia-norm,1,2,0,Ia-norm,0,Ia
123,7,1024,2500.0,10000.0,10,sn1996L,-9.99,IIn,4,4,15,IIn,3,II
124,2,1024,2500.0,10000.0,8,sn2007ap,1.37,Ia-norm,1,2,0,Ia-norm,0,Ia
125,26,1024,2500.0,10000.0,11,sn2006X,1.18,Ia-norm,1,2,0,Ia-norm,0,Ia
126,18,1024,2500.0,10000.0,9,sn2005am,1.3,Ia-norm,1,2,0,Ia-norm,0,Ia
127,24,1024,2500.0,10000.0,10,sn2002fk,1.13,Ia-norm,1,2,0,Ia-norm,0,Ia
128,57,1024,2500.0,10000.0,11,sn1998S,-9.99,IIn,4,4,15,IIn,3,II
129,6,1024,2500.0,10000.0,11,sn2002eu,1.52,Ia-norm,1,2,0,Ia-norm,0,Ia
130,11,1024,2500.0,10000.0,10,sn2003dh,-9.99,Ic-broad,3,4,11,Ic-broad,2,Ic
131,2,1024,2500.0,10000.0,10,sn00cu,-9.99,Ia-norm,1,2,0,Ia-norm,0,Ia
132,26,1024,2500.0,10000.0,11,sn2002er,1.23,Ia-norm,1,2,0,Ia-norm,0,Ia
133,5,1024,2500.0,10000.0,8,sn1998eg,1.14,Ia-norm,1,2,0,Ia-norm,0,Ia
134,3,1024,2500.0,10000.0,9,sn2005A,1.11,Ia-norm,1,2,0,Ia-norm,0,Ia
135,1,1024,2500.0,10000.0,11,sn03U,-9.99,Ia-norm,1,2,0,Ia-norm,0,Ia
136,1,1024,2500.0,10000.0,7,sn1996bv,0.92,Ia-norm,1,2,0,Ia-norm,0,Ia
137,5,1024,2500.0,10000.0,11,sn2007bg,-9.99,Ic-broad,3,4,11,Ic-broad,2,Ic
138,4,1024,2500.0,10000.0,11,sn04ef,-9.99,Ia-norm,1,2,0,Ia-norm,0,Ia
139,10,1024,2500.0,10000.0,8,sn1984A,-9.99,Ia-norm,1,2,0,Ia-norm,0,Ia
140,1,1024,2500.0,10000.0,9,sn2005ki,1.41,Ia-norm,1,2,0,Ia-norm,0,Ia
141,16,1024,2500.0,10000.0,11,iPTF13bvn,-9.99,Ib-norm,2,2,6,Ib-norm,1,Ib
142,3,1024,2500.0,10000.0,10,sn99dq,-9.99,Ia-99aa,1,7,1,Ia-91T,0,Ia
143,6,1024,2500.0,10000.0,9,sn2006sr,1.24,Ia-norm,1,2,0,Ia-norm,0,Ia
144,14,1024,2500.0,10000.0,10,sn2007hj,1.95,Ia-norm,1,2,0,Ia-norm,0,Ia
145,5,1024,2500.0,10000.0,10,sn05cf,-9.99,Ia-norm,1,2,0,Ia-norm,0,Ia
146,7,1024,2500.0,10000.0,10,sn2002fb,1.77,Ia-91bg,1,4,2,Ia-91bg,0,Ia
147,1,1024,2500.0,10000.0,11,sn95ac,-9.99,Ia-91T,1,3,1,Ia-91T,0,Ia
148,3,1024,2500.0,10000.0,8,sn2004dk,-9.99,Ib-norm,2,2,6,Ib-norm,1,Ib
149,8,1024,2500.0,10000.0,8,sn2001cp,0.88,Ia-norm,1,2,0,Ia-norm,0,Ia
150,10,1024,2500.0,10000.0,9,sn2005eq,0.88,Ia-91T,1,3,1,Ia-91T,0,Ia
151,3,1024,2500.0,10000.0,8,sn2006cz,-9.99,Ia-91T,1,3,1,Ia-91T,0,Ia
152,1,1024,2500.0,10000.0,11,sn06cz,-9.99,Ia-99aa,1,7,1,Ia-91T,0,Ia
153,26,1024,2500.0,10000.0,11,sn00cx,0.93,Ia-pec,1,6,5,Ia-pec,0,Ia
154,1,1024,2500.0,10000.0,8,sn2008R,1.54,Ia-91bg,1,4,2,Ia-91bg,0,Ia
155,2,1024,2500.0,10000.0,10,sn2007ux,1.74,Ia-norm,1,2,0,Ia-norm,0,Ia
156,4,1024,2500.0,10000.0,10,sn2002ha,1.22,Ia-norm,1,2,0,Ia-norm,0,Ia
157,30,1024,2500.0,10000.0,12,sn2005bf,-9.99,Ib-norm,2,2,6,Ib-norm,1,Ib
158,1,1024,2500.0,10000.0,10,sn1993ac,1.19,Ia-norm,1,2,0,Ia-norm,0,Ia
159,4,1024,2500.0,10000.0,10,sn02cr,-9.99,Ia-norm,1,2,0,Ia-norm,0,Ia
160,2,1024,2500.0,10000.0,10,sn02jy,-9.99,Ia-norm,1,2,0,Ia-norm,0,Ia
161,2,1024,2500.0,10000.0,8,sn2007ae,0.98,Ia-norm,1,2,0,Ia-norm,0,Ia
162,7,1024,2500.0,10000.0,8,sn1999cc,1.35,Ia-norm,1,2,0,Ia-norm,0,Ia
163,32,1024,2500.0,10000.0,11,sn2005hk,1.56,Ia-02cx,1,6,4,Iax,0,Ia
164,37,1024,2500.0,10000.0,13,13ge,-9.99,Ic,3,2,10,Ic-norm,2,Ic
165,4,1024,2500.0,10000.0,10,sn2001ck,1.05,Ia-norm,1,2,0,Ia-norm,0,Ia
166,7,1024,2500.0,10000.0,8,sn2003cq,1.2,Ia-norm,1,2,0,Ia-norm,0,Ia
167,26,1024,2500.0,10000.0,10,sn1991bg,1.94,Ia-91bg,1,4,2,Ia-91bg,0,Ia
168,12,1024,2500.0,10000.0,9,sn1983V,-9.99,Ic-norm,3,2,10,Ic-norm,2,Ic
169,1,1024,2500.0,10000.0,10,sn02kf,-9.99,Ia-norm,1,2,0,Ia-norm,0,Ia
170,1,1024,2500.0,10000.0,8,sn2006te,1.04,Ia-norm,1,2,0,Ia-norm,0,Ia
171,6,1024,2500.0,10000.0,8,sn2006cf,-9.99,Ia-norm,1,2,0,Ia-norm,0,Ia
172,1,1024,2500.0,10000.0,11,sn00cw,-9.99,Ia-norm,1,2,0,Ia-norm,0,Ia
173,3,1024,2500.0,10000.0,8,sn2006gt,1.66,Ia-91bg,1,4,2,Ia-91bg,0,Ia
174,3,1024,2500.0,10000.0,10,sn05am,-9.99,Ia-norm,1,2,0,Ia-norm,0,Ia
175,42,1024,2500.0,10000.0,12,sn94D,1.32,Ia-norm,1,2,0,Ia-norm,0,Ia
176,5,1024,2500.0,10000.0,10,sn02cs,-9.99,Ia-norm,1,2,0,Ia-norm,0,Ia
177,2,1024,2500.0,10000.0,11,sn03iv,-9.99,Ia-norm,1,2,0,Ia-norm,0,Ia
178,8,1024,2500.0,10000.0,10,sn2007al,1.89,Ia-91bg,1,4,2,Ia-91bg,0,Ia
179,6,1024,2500.0,10000.0,11,sn2006D,1.35,Ia-norm,1,2,0,Ia-norm,0,Ia
180,11,1024,2500.0,10000.0,8,sn1998bp,1.79,Ia-norm,1,2,0,Ia-norm,0,Ia
181,1,1024,2500.0,10000.0,9,sn99gd,-9.99,Ia-norm,1,2,0,Ia-norm,0,Ia
182,17,1024,2500.0,10000.0,9,sn2006gz,0.69,Ia-pec,1,6,5,Ia-pec,0,Ia
183,2,1024,2500.0,10000.0,8,sn2005bo,1.28,Ia-norm,1,2,0,Ia-norm,0,Ia
184,8,1024,2500.0,10000.0,9,sn2011fu,-9.99,IIb,2,4,8,IIb,1,Ib
185,1,1024,2500.0,10000.0,8,sn1999da,1.9,Ia-91bg,1,4,2,Ia-91bg,0,Ia
186,26,1024,2500.0,10000.0,12,sn1998bw,-9.99,Ic-broad,3,4,11,Ic-broad,2,Ic
187,18,1024,2500.0,10000.0,11,sn2001eh,0.92,Ia-91T,1,3,1,Ia-91T,0,Ia
188,5,1024,2500.0,10000.0,10,sn2001az,1.09,Ia-91T,1,3,1,Ia-91T,0,Ia
189,4,1024,2500.0,10000.0,8,sn2002do,1.56,Ia-norm,1,2,0,Ia-norm,0,Ia
190,3,1024,2500.0,10000.0,10,sn06ef,-9.99,Ia-norm,1,2,0,Ia-norm,0,Ia
191,2,1024,2500.0,10000.0,8,sn2007jg,1.17,Ia-norm,1,2,0,Ia-norm,0,Ia
192,4,1024,2500.0,10000.0,10,sn05de,-9.99,Ia-norm,1,2,0,Ia-norm,0,Ia
193,16,1024,2500.0,10000.0,10,sn2003W,1.14,Ia-norm,1,2,0,Ia-norm,0,Ia
194,15,1024,2500.0,10000.0,8,sn2002cd,0.84,Ia-norm,1,2,0,Ia-norm,0,Ia
195,1,1024,2500.0,10000.0,10,sn2004ff,-9.99,IIb,2,4,8,IIb,1,Ib
196,25,1024,2500.0,10000.0,11,sn1996cb,-9.99,IIb,2,4,8,IIb,1,Ib
197,3,1024,2500.0,10000.0,8,sn2003Y,1.65,Ia-91bg,1,4,2,Ia-91bg,0,Ia
198,1,1024,2500.0,10000.0,11,sn04as,-9.99,Ia-norm,1,2,0,Ia-norm,0,Ia
199,10,1024,2500.0,10000.0,10,sn2002jy,0.88,Ia-norm,1,2,0,Ia-norm,0,Ia
200,12,1024,2500.0,10000.0,10,sn2007sr,1.13,Ia-norm,1,2,0,Ia-norm,0,Ia
201,6,1024,2500.0,10000.0,10,sn01ep,-9.99,Ia-norm,1,2,0,Ia-norm,0,Ia
202,1,1024,2500.0,10000.0,8,sn2000cw,1.22,Ia-norm,1,2,0,Ia-norm,0,Ia
203,7,1024,2500.0,10000.0,8,sn2003kc,-9.99,Ia-norm,1,2,0,Ia-norm,0,Ia
204,6,1024,2500.0,10000.0,9,sn2005na,1.09,Ia-norm,1,2,0,Ia-norm,0,Ia
205,1,1024,2500.0,10000.0,11,sn00cp,-9.99,Ia-norm,1,2,0,Ia-norm,0,Ia
206,4,1024,2500.0,10000.0,10,sn98es,-9.99,Ia-99aa,1,7,1,Ia-91T,0,Ia
207,6,1024,2500.0,10000.0,9,sn2005cg,-9.99,Ia-norm,1,2,0,Ia-norm,0,Ia
208,2,1024,2500.0,10000.0,11,sn02el,-9.99,Ia-norm,1,2,0,Ia-norm,0,Ia
209,9,1024,2500.0,10000.0,11,sn1998dt,-9.99,Ib-norm,2,2,6,Ib-norm,1,Ib
210,7,1024,2500.0,10000.0,8,sn2006oa,0.89,Ia-91T,1,3,1,Ia-91T,0,Ia
211,13,1024,2500.0,10000.0,10,sn1997bq,1.14,Ia-norm,1,2,0,Ia-norm,0,Ia
212,4,1024,2500.0,10000.0,10,sn98bu,-9.99,Ia-norm,1,2,0,Ia-norm,0,Ia
213,2,1024,2500.0,10000.0,10,sn07A,-9.99,Ia-norm,1,2,0,Ia-norm,0,Ia
214,3,1024,2500.0,10000.0,10,sn04fu,1.3,Ia-norm,1,2,0,Ia-norm,0,Ia
215,7,1024,2500.0,10000.0,9,sn2006el,-9.99,IIb,2,4,8,IIb,1,Ib
216,3,1024,2500.0,10000.0,8,sn2000cp,1.09,Ia-norm,1,2,0,Ia-norm,0,Ia
217,73,1024,2500.0,10000.0,11,sn1993J,-9.99,IIb,2,4,8,IIb,1,Ib
218,4,1024,2500.0,10000.0,10,sn95D,-9.99,Ia-norm,1,2,0,Ia-norm,0,Ia
219,2,1024,2500.0,10000.0,9,sn2005mc,1.63,Ia-norm,1,2,0,Ia-norm,0,Ia
220,1,1024,2500.0,10000.0,8,sn2005iq,1.19,Ia-norm,1,2,0,Ia-norm,0,Ia
221,28,1024,2500.0,10000.0,11,sn1997ef,-9.99,Ic-broad,3,4,11,Ic-broad,2,Ic
222,14,1024,2500.0,10000.0,10,sn1999by,1.97,Ia-91bg,1,4,2,Ia-91bg,0,Ia
223,1,1024,2500.0,10000.0,10,sn04bg,-9.99,Ia-norm,1,2,0,Ia-norm,0,Ia
224,6,1024,2500.0,10000.0,10,sn1990O,0.94,Ia-norm,1,2,0,Ia-norm,0,Ia
225,4,1024,2500.0,10000.0,8,sn2000dg,-9.99,Ia-norm,1,2,0,Ia-norm,0,Ia
226,2,1024,2500.0,10000.0,10,sn99cp,-9.99,Ia-norm,1,2,0,Ia-norm,0,Ia
227,9,1024,2500.0,10000.0,8,sn2007ca,0.89,Ia-norm,1,2,0,Ia-norm,0,Ia
228,10,1024,2500.0,10000.0,8,sn1998dh,1.17,Ia-norm,1,2,0,Ia-norm,0,Ia
229,5,1024,2500.0,10000.0,11,sn2001ah,0.98,Ia-91T,1,3,1,Ia-91T,0,Ia
230,48,1024,2500.0,10000.0,11,sn2009jf,-9.99,Ib-norm,2,2,6,Ib-norm,1,Ib
231,5,1024,2500.0,10000.0,10,sn2006ep,-9.99,Ib-norm,2,2,6,Ib-norm,1,Ib
232,12,1024,2500.0,10000.0,10,sn2008bo,-9.99,IIb,2,4,8,IIb,1,Ib
233,1,1024,2500.0,10000.0,10,sn07al,-9.99,Ia-91bg,1,4,2,Ia-91bg,0,Ia
234,2,1024,2500.0,10000.0,8,sn2006br,1.12,Ia-norm,1,2,0,Ia-norm,0,Ia
235,4,1024,2500.0,10000.0,8,sn2000dn,1.04,Ia-norm,1,2,0,Ia-norm,0,Ia
236,1,1024,2500.0,10000.0,10,sn95E,-9.99,Ia-norm,1,2,0,Ia-norm,0,Ia
237,5,1024,2500.0,10000.0,7,sn1994T,1.51,Ia-norm,1,2,0,Ia-norm,0,Ia
238,17,1024,2500.0,10000.0,12,LSQ14efd,-9.99,Ic,3,2,10,Ic-norm,2,Ic
239,6,1024,2500.0,10000.0,8,sn2006al,1.35,Ia-norm,1,2,0,Ia-norm,0,Ia
240,1,1024,2500.0,10000.0,5,sn2009nz,-9.99,Ic-broad,3,4,11,Ic-broad,2,Ic
241,1,1024,2500.0,10000.0,10,sn2013dk,-9.99,Ic-norm,3,2,10,Ic-norm,2,Ic
242,24,1024,2500.0,10000.0,11,sn89B,1.31,Ia-norm,1,2,0,Ia-norm,0,Ia
243,1,1024,2500.0,10000.0,8,sn2006ak,1.22,Ia-norm,1,2,0,Ia-norm,0,Ia
244,12,1024,2500.0,10000.0,11,sn2007Y,-9.99,Ib-norm,2,2,6,Ib-norm,1,Ib
245,8,1024,2500.0,10000.0,11,sn2002cx,1.51,Ia-02cx,1,6,4,Iax,0,Ia
246,2,1024,2500.0,10000.0,9,sn2010ay,-9.99,Ic-broad,3,4,11,Ic-broad,2,Ic
247,4,1024,2500.0,10000.0,8,sn2000ce,1.0,Ia-norm,1,2,0,Ia-norm,0,Ia
248,14,1024,2500.0,10000.0,9,sn2008bf,1.05,Ia-norm,1,2,0,Ia-norm,0,Ia
249,2,1024,2500.0,10000.0,8,sn2006ot,0.84,Ia-norm,1,2,0,Ia-norm,0,Ia
250,1,1024,2500.0,10000.0,9,sn2006kf,1.55,Ia-norm,1,2,0,Ia-norm,0,Ia
251,5,1024,2500.0,10000.0,9,sn1994S,0.94,Ia-norm,1,2,0,Ia-norm,0,Ia
252,26,1024,2500.0,10000.0,10,sn2008ax,-9.99,IIb,2,4,8,IIb,1,Ib
253,1,1024,2500.0,10000.0,9,sn2004fz,1.36,Ia-norm,1,2,0,Ia-norm,0,Ia
254,3,1024,2500.0,10000.0,7,sn2012bz,-9.99,Ic-broad,3,4,11,Ic-broad,2,Ic
255,1,1024,2500.0,10000.0,7,sn95ac,-9.99,Ia-91T,1,3,1,Ia-91T,0,Ia
256,5,1024,2500.0,10000.0,10,sn91T,-9.99,Ia-91T,1,3,1,Ia-91T,0,Ia
257,23,1024,2500.0,10000.0,13,11hs,-9.99,IIb,2,4,8,IIb,1,Ib
258,17,1024,2500.0,10000.0,10,sn2007co,1.16,Ia-norm,1,2,0,Ia-norm,0,Ia
259,13,1024,2500.0,10000.0,9,sn2007F,0.96,Ia-norm,1,2,0,Ia-norm,0,Ia
260,1,1024,2500.0,10000.0,7,sn1999bh,1.38,Ia-91bg,1,4,2,Ia-91bg,0,Ia
261,2,1024,2500.0,10000.0,10,sn00fa,-9.99,Ia-norm,1,2,0,Ia-norm,0,Ia
262,16,1024,2500.0,10000.0,13,sn91T,0.94,Ia-91T,1,3,1,Ia-91T,0,Ia
263,6,1024,2500.0,10000.0,10,sn2001el,1.16,Ia-norm,1,2,0,Ia-norm,0,Ia
264,2,1024,2500.0,10000.0,8,sn2007nq,1.47,Ia-norm,1,2,0,Ia-norm,0,Ia
265,1,1024,2500.0,10000.0,7,sn1992ar,-9.99,Ic-norm,3,2,10,Ic-norm,2,Ic
266,10,1024,2500.0,10000.0,11,sn2004fe,-9.99,Ic-norm,3,2,10,Ic-norm,2,Ic
267,1,1024,2500.0,10000.0,10,sn05ki,-9.99,Ia-norm,1,2,0,Ia-norm,0,Ia
268,4,1024,2500.0,10000.0,8,sn2002dl,1.76,Ia-91bg,1,4,2,Ia-91bg,0,Ia
269,20,1024,2500.0,10000.0,12,sn2001ay,0.68,Ia-norm,1,2,0,Ia-norm,0,Ia
270,2,1024,2500.0,10000.0,11,PTF10bzf,-9.99,Ic-broad,3,4,11,Ic-broad,2,Ic
271,5,1024,2500.0,10000.0,8,sn2001bg,1.06,Ia-norm,1,2,0,Ia-norm,0,Ia
272,3,1024,2500.0,10000.0,9,sn2007A,0.95,Ia-norm,1,2,0,Ia-norm,0,Ia
273,5,1024,2500.0,10000.0,10,sn2002ic,-9.99,Ia-csm,1,5,3,Ia-csm,0,Ia
274,21,1024,2500.0,10000.0,11,sn1997br,1.09,Ia-91T,1,3,1,Ia-91T,0,Ia
275,45,1024,2500.0,10000.0,11,sn1999em,-9.99,IIP,4,2,13,IIP,3,II
276,1,1024,2500.0,10000.0,11,sn00cn,-9.99,Ia-91bg,1,2,2,Ia-91bg,0,Ia
277,2,1024,2500.0,10000.0,10,sn05bc,-9.99,Ia-norm,1,2,0,Ia-norm,0,Ia
278,3,1024,2500.0,10000.0,10,sn01en,-9.99,Ia-norm,1,2,0,Ia-norm,0,Ia
279,1,1024,2500.0,10000.0,8,sn2006az,1.29,Ia-norm,1,2,0,Ia-norm,0,Ia
280,19,1024,2500.0,10000.0,10,sn2003fa,0.8,Ia-91T,1,3,1,Ia-91T,0,Ia
281,5,1024,2500.0,10000.0,10,sn99dk,-9.99,Ia-norm,1,2,0,Ia-norm,0,Ia
282,4,1024,2500.0,10000.0,10,sn02er,-9.99,Ia-norm,1,2,0,Ia-norm,0,Ia
283,10,1024,2500.0,10000.0,8,sn2005cc,1.94,Ia-pec,1,6,5,Ia-pec,0,Ia
284,10,1024,2500.0,10000.0,8,sn2002de,0.96,Ia-norm,1,2,0,Ia-norm,0,Ia
285,1,1024,2500.0,10000.0,7,sn2013cq,-9.99,Ic-broad,3,4,11,Ic-broad,2,Ic
286,5,1024,2500.0,10000.0,8,sn1999ej,1.48,Ia-norm,1,2,0,Ia-norm,0,Ia
287,9,1024,2500.0,10000.0,8,sn1998dk,1.05,Ia-norm,1,2,0,Ia-norm,0,Ia
288,22,1024,2500.0,10000.0,10,sn2005gj,-9.99,Ia-csm,1,5,3,Ia-csm,0,Ia
289,6,1024,2500.0,10000.0,8,sn1999X,1.11,Ia-norm,1,2,0,Ia-norm,0,Ia
290,14,1024,2500.0,10000.0,10,sn99by,1.9,Ia-91bg,1,4,2,Ia-91bg,0,Ia
291,2,1024,2500.0,10000.0,8,sn2003lw,-9.99,Ic-broad,3,4,11,Ic-broad,2,Ic
292,18,1024,2500.0,10000.0,9,sn2008ar,1.1,Ia-norm,1,2,0,Ia-norm,0,Ia
293,34,1024,2500.0,10000.0,11,sn1999ac,1.23,Ia-91T,1,3,1,Ia-91T,0,Ia
294,6,1024,2500.0,10000.0,10,sn08ec,-9.99,Ia-norm,1,2,0,Ia-norm,0,Ia
295,8,1024,2500.0,10000.0,13,sn2013df,-9.99,IIb,2,4,8,IIb,1,Ib
296,7,1024,2500.0,10000.0,8,sn2002cr,1.19,Ia-norm,1,2,0,Ia-norm,0,Ia
297,10,1024,2500.0,10000.0,8,sn2007S,0.94,Ia-91T,1,3,1,Ia-91T,0,Ia
298,3,1024,2500.0,10000.0,10,sn2001br,1.16,Ia-norm,1,2,0,Ia-norm,0,Ia
299,2,1024,2500.0,10000.0,11,sn07gk,-9.99,Ia-norm,1,2,0,Ia-norm,0,Ia
300,2,1024,2500.0,10000.0,9,sn2006et,1.02,Ia-norm,1,2,0,Ia-norm,0,Ia
301,3,1024,2500.0,10000.0,8,sn2002cu,1.35,Ia-norm,1,2,0,Ia-norm,0,Ia
302,4,1024,2500.0,10000.0,10,sn00dk,-9.99,Ia-norm,1,2,0,Ia-norm,0,Ia
303,1,1024,2500.0,10000.0,11,sn03cq,-9.99,Ia-norm,1,2,0,Ia-norm,0,Ia
304,7,1024,2500.0,10000.0,12,PTF10qts,-9.99,Ic-broad,3,4,11,Ic-broad,2,Ic
305,2,1024,2500.0,10000.0,11,sn05ms,-9.99,Ia-norm,1,2,0,Ia-norm,0,Ia
306,6,1024,2500.0,10000.0,8,sn2000cf,1.16,Ia-norm,1,2,0,Ia-norm,0,Ia
307,26,1024,2500.0,10000.0,11,sn2001ep,1.3,Ia-norm,1,2,0,Ia-norm,0,Ia
308,1,1024,2500.0,10000.0,8,sn2004bk,1.02,Ia-norm,1,2,0,Ia-norm,0,Ia
309,21,1024,2500.0,10000.0,9,sn1990B,-9.99,Ic-norm,3,2,10,Ic-norm,2,Ic
310,3,1024,2500.0,10000.0,11,sn1999ex,-9.99,Ib-norm,2,2,6,Ib-norm,1,Ib
311,2,1024,2500.0,10000.0,11,sn2007cl,-9.99,Ic-norm,3,2,10,Ic-norm,2,Ic
312,1,1024,2500.0,10000.0,11,sn07bd,-9.99,Ia-norm,1,2,0,Ia-norm,0,Ia
313,11,1024,2500.0,10000.0,10,sn2009mg,-9.99,IIb,2,4,8,IIb,1,Ib
314,7,1024,2500.0,10000.0,8,sn1998de,1.88,Ia-91bg,1,4,2,Ia-91bg,0,Ia
315,1,1024,2500.0,10000.0,9,sn2006bq,1.29,Ia-norm,1,2,0,Ia-norm,0,Ia
316,7,1024,2500.0,10000.0,8,sn2002dp,1.12,Ia-norm,1,2,0,Ia-norm,0,Ia
317,1,1024,2500.0,10000.0,8,sn2000dm,1.46,Ia-norm,1,2,0,Ia-norm,0,Ia
318,38,1024,2500.0,10000.0,12,sn2007if,0.71,Ia-pec,1,6,5,Ia-pec,0,Ia
319,6,1024,2500.0,10000.0,10,sn91bg,-9.99,Ia-91bg,1,4,2,Ia-91bg,0,Ia
320,2,1024,2500.0,10000.0,8,sn1995ac,0.77,Ia-91T,1,2,1,Ia-91T,0,Ia
321,2,1024,2500.0,10000.0,10,sn00dm,-9.99,Ia-norm,1,2,0,Ia-norm,0,Ia
322,7,1024,2500.0,10000.0,9,sn2007bj,-9.99,Ia-norm,1,2,0,Ia-norm,0,Ia
323,2,1024,2500.0,10000.0,10,sn07bc,-9.99,Ia-norm,1,2,0,Ia-norm,0,Ia
324,10,1024,2500.0,10000.0,9,sn2006cp,0.98,Ia-norm,1,2,0,Ia-norm,0,Ia
325,5,1024,2500.0,10000.0,10,sn2008C,1.11,Ia-norm,1,2,0,Ia-norm,0,Ia
326,12,1024,2500.0,10000.0,8,sn1984L,-9.99,Ib-norm,2,2,6,Ib-norm,1,Ib
327,22,1024,2500.0,10000.0,12,sn2006jc,-9.99,Ibn,2,2,7,Ibn,1,Ib
328,42,1024,2500.0,10000.0,11,sn2003cg,1.26,Ia-norm,1,2,0,Ia-norm,0,Ia
329,1,1024,2500.0,10000.0,11,sn06gt,-9.99,Ia-91bg,1,4,2,Ia-91bg,0,Ia
330,3,1024,2500.0,10000.0,10,sn04ey,-9.99,Ia-norm,1,2,0,Ia-norm,0,Ia
331,1,1024,2500.0,10000.0,8,sn2006mo,-9.99,Ia-norm,1,2,0,Ia-norm,0,Ia
332,1,1024,2500.0,10000.0,11,sn06bz,-9.99,Ia-91bg,1,4,2,Ia-91bg,0,Ia
333,1,1024,2500.0,10000.0,10,sn94ae,-9.99,Ia-norm,1,2,0,Ia-norm,0,Ia
334,1,1024,2500.0,10000.0,7,sn1996ab,1.01,Ia-norm,1,2,0,Ia-norm,0,Ia
335,1,1024,2500.0,10000.0,11,sn07fr,-9.99,Ia-norm,1,2,0,Ia-norm,0,Ia
336,11,1024,2500.0,10000.0,8,sn2007bm,1.09,Ia-norm,1,2,0,Ia-norm,0,Ia
337,1,1024,2500.0,10000.0,10,snls03D3bb,-9.99,Ia-pec,1,6,5,Ia-pec,0,Ia
338,20,1024,2500.0,10000.0,11,sn2008D,-9.99,Ib-norm,2,2,6,Ib-norm,1,Ib
339,27,1024,2500.0,10000.0,8,sn1998aq,1.11,Ia-norm,1,2,0,Ia-norm,0,Ia
340,5,1024,2500.0,10000.0,8,sn2002hw,1.44,Ia-norm,1,2,0,Ia-norm,0,Ia
341,8,1024,2500.0,10000.0,10,sn2009er,-9.99,Ib-norm,2,2,6,Ib-norm,1,Ib
342,6,1024,2500.0,10000.0,8,sn1998ec,1.08,Ia-norm,1,2,0,Ia-norm,0,Ia
343,6,1024,2500.0,10000.0,8,sn2005kc,1.24,Ia-norm,1,2,0,Ia-norm,0,Ia
344,11,1024,2500.0,10000.0,8,sn1999gi,-9.99,IIP,4,2,13,IIP,3,II
345,5,1024,2500.0,10000.0,8,sn2005la,-9.99,Ib-pec,2,3,9,Ib-pec,1,Ib
346,2,1024,2500.0,10000.0,8,sn2002G,1.25,Ia-norm,1,2,0,Ia-norm,0,Ia
347,8,1024,2500.0,10000.0,9,sn2007bc,1.37,Ia-norm,1,2,0,Ia-norm,0,Ia
348,4,1024,2500.0,10000.0,10,sn2004gv,-9.99,Ib-norm,2,2,6,Ib-norm,1,Ib
349,8,1024,2500.0,10000.0,7,sn2003ic,-9.99,Ia-norm,1,2,0,Ia-norm,0,Ia
350,6,1024,2500.0,10000.0,10,sn1991M,-9.99,Ia-norm,1,2,0,Ia-norm,0,Ia
351,6,1024,2500.0,10000.0,8,sn2007bd,1.3,Ia-norm,1,2,0,Ia-norm,0,Ia
352,24,1024,2500.0,10000.0,10,sn2004gq,-9.99,Ib-norm,2,2,6,Ib-norm,1,Ib
353,3,1024,2500.0,10000.0,8,sn1983N,-9.99,Ib-norm,2,2,6,Ib-norm,1,Ib
354,6,1024,2500.0,10000.0,8,sn2005eu,0.89,Ia-norm,1,2,0,Ia-norm,0,Ia
355,6,1024,2500.0,10000.0,10,sn07fs,-9.99,Ia-norm,1,2,0,Ia-norm,0,Ia
356,19,1024,2500.0,10000.0,10,sn94I,-9.99,Ic-norm,3,2,10,Ic-norm,2,Ic
357,39,1024,2500.0,10000.0,11,sn2004dt,1.14,Ia-norm,1,2,0,Ia-norm,0,Ia
358,2,1024,2500.0,10000.0,10,sn02fb,-9.99,Ia-91bg,1,4,2,Ia-91bg,0,Ia
359,2,1024,2500.0,10000.0,11,sn02eu,-9.99,Ia-norm,1,2,0,Ia-norm,0,Ia
360,14,1024,2500.0,10000.0,11,sn2011bm,-9.99,Ic-norm,3,2,10,Ic-norm,2,Ic
361,3,1024,2500.0,10000.0,8,sn2001E,0.92,Ia-norm,1,2,0,Ia-norm,0,Ia
362,4,1024,2500.0,10000.0,12,sn2014ad,-9.99,Ic-broad,3,4,11,Ic-broad,2,Ic
363,3,1024,2500.0,10000.0,11,sn07ba,-9.99,Ia-91bg,1,4,2,Ia-91bg,0,Ia
364,8,1024,2500.0,10000.0,7,sn1980K,-9.99,IIL,4,5,14,IIL,3,II
365,5,1024,2500.0,10000.0,10,sn2002he,1.44,Ia-norm,1,2,0,Ia-norm,0,Ia
366,15,1024,2500.0,10000.0,11,sn2007kk,-9.99,Ia-norm,1,2,0,Ia-norm,0,Ia
367,14,1024,2500.0,10000.0,11,sn1995D,1.05,Ia-norm,1,2,0,Ia-norm,0,Ia
368,26,1024,2500.0,10000.0,10,sn91bg,1.93,Ia-91bg,1,4,2,Ia-91bg,0,Ia
369,6,1024,2500.0,10000.0,8,sn2008Q,1.25,Ia-norm,1,2,0,Ia-norm,0,Ia
370,1,1024,2500.0,10000.0,8,sn2005be,1.49,Ia-norm,1,2,0,Ia-norm,0,Ia
371,10,1024,2500.0,10000.0,8,sn1992H,-9.99,IIP,4,2,13,IIP,3,II
372,6,1024,2500.0,10000.0,8,sn1996Z,1.22,Ia-norm,1,2,0,Ia-norm,0,Ia
373,32,1024,2500.0,10000.0,10,sn2007af,1.2,Ia-norm,1,2,0,Ia-norm,0,Ia
374,51,1024,2500.0,10000.0,11,sn2002bo,1.08,Ia-norm,1,2,0,Ia-norm,0,Ia
375,12,1024,2500.0,10000.0,8,sn2006N,1.5,Ia-norm,1,2,0,Ia-norm,0,Ia
376,1,1024,2500.0,10000.0,11,sn04gs,-9.99,Ia-norm,1,2,0,Ia-norm,0,Ia
377,1,1024,2500.0,10000.0,8,sn2004gc,1.08,Ia-norm,1,2,0,Ia-norm,0,Ia
378,8,1024,2500.0,10000.0,8,sn2003iv,1.65,Ia-norm,1,2,0,Ia-norm,0,Ia
379,1,1024,2500.0,10000.0,11,sn01dw,-9.99,Ia-norm,1,2,0,Ia-norm,0,Ia
380,1,1024,2500.0,10000.0,10,sn07kk,-9.99,Ia-norm,1,2,0,Ia-norm,0,Ia
381,2,1024,2500.0,10000.0,11,sn00dn,-9.99,Ia-norm,1,2,0,Ia-norm,0,Ia
382,7,1024,2500.0,10000.0,8,sn2005hf,1.31,Ia-norm,1,2,0,Ia-norm,0,Ia
383,3,1024,2500.0,10000.0,9,sn2010ma,-9.99,Ic-broad,3,4,11,Ic-broad,2,Ic
384,2,1024,2500.0,10000.0,11,sn05be,1.47,Ia-norm,1,2,0,Ia-norm,0,Ia
385,13,1024,2500.0,10000.0,12,sn1992A,1.41,Ia-norm,1,2,0,Ia-norm,0,Ia
386,1,1024,2500.0,10000.0,8,sn2003gn,1.22,Ia-norm,1,2,0,Ia-norm,0,Ia
387,13,1024,2500.0,10000.0,8,sn2002bf,1.12,Ia-norm,1,2,0,Ia-norm,0,Ia
388,3,1024,2500.0,10000.0,8,sn1998fa,-9.99,IIb,2,4,8,IIb,1,Ib
389,2,1024,2500.0,10000.0,9,sn2005ls,0.98,Ia-norm,1,2,0,Ia-norm,0,Ia
390,11,1024,2500.0,10000.0,11,sn2009bb,-9.99,Ic-broad,3,4,11,Ic-broad,2,Ic
391,5,1024,2500.0,10000.0,11,sn01eh,-9.99,Ia-99aa,1,7,1,Ia-91T,0,Ia
392,2,1024,2500.0,10000.0,11,sn06cf,-9.99,Ia-norm,1,2,0,Ia-norm,0,Ia
393,21,1024,2500.0,10000.0,13,sn98bw,-9.99,Ic-broad,3,4,11,Ic-broad,2,Ic
394,8,1024,2500.0,10000.0,11,sn2005bl,1.93,Ia-91bg,1,4,2,Ia-91bg,0,Ia
395,21,1024,2500.0,10000.0,9,sn2006bp,-9.99,IIP,4,2,13,IIP,3,II
396,1,1024,2500.0,10000.0,10,sn97Y,-9.99,Ia-norm,1,2,0,Ia-norm,0,Ia
397,6,1024,2500.0,10000.0,8,sn2001fh,1.51,Ia-norm,1,2,0,Ia-norm,0,Ia
398,18,1024,2500.0,10000.0,8,sn2004as,0.92,Ia-norm,1,2,0,Ia-norm,0,Ia
399,14,1024,2500.0,10000.0,11,sn2003bg,-9.99,IIb,2,4,8,IIb,1,Ib
400,7,1024,2500.0,10000.0,8,sn1998co,-9.99,Ia-norm,1,2,0,Ia-norm,0,Ia
401,5,1024,2500.0,10000.0,6,sn1979C,-9.99,IIL,4,5,14,IIL,3,II
402,15,1024,2500.0,10000.0,8,sn2004ef,1.39,Ia-norm,1,2,0,Ia-norm,0,Ia
403,11,1024,2500.0,10000.0,8,sn2004at,1.05,Ia-norm,1,2,0,Ia-norm,0,Ia
404,1,1024,2500.0,10000.0,8,sn2006bw,1.28,Ia-norm,1,2,0,Ia-norm,0,Ia
405,8,1024,2500.0,10000.0,8,sn2000dk,1.62,Ia-norm,1,2,0,Ia-norm,0,Ia
406,6,1024,2500.0,10000.0,11,sn1994Q,1.03,Ia-norm,1,2,0,Ia-norm,0,Ia
407,1,1024,2500.0,10000.0,9,sn2006eu,1.27,Ia-norm,1,2,0,Ia-norm,0,Ia
408,4,1024,2500.0,10000.0,8,sn2002jg,1.42,Ia-norm,1,2,0,Ia-norm,0,Ia
409,20,1024,2500.0,10000.0,8,sn2006lf,1.3,Ia-norm,1,2,0,Ia-norm,0,Ia
410,1,1024,2500.0,10000.0,10,sn08hs,-9.99,Ia-norm,1,2,0,Ia-norm,0,Ia
411,6,1024,2500.0,10000.0,8,sn1995ak,1.25,Ia-norm,1,2,0,Ia-norm,0,Ia
412,10,1024,2500.0,10000.0,8,sn1998dm,0.9,Ia-norm,1,2,0,Ia-norm,0,Ia
413,3,1024,2500.0,10000.0,10,sn05el,-9.99,Ia-norm,1,2,0,Ia-norm,0,Ia
414,4,1024,2500.0,10000.0,8,sn2004bd,-9.99,Ia-norm,1,2,0,Ia-norm,0,Ia
415,1,1024,2500.0,10000.0,8,sn2001ex,1.56,Ia-norm,1,2,0,Ia-norm,0,Ia
416,11,1024,2500.0,10000.0,8,sn2004L,1.12,Ia-norm,1,2,0,Ia-norm,0,Ia
417,9,1024,2500.0,10000.0,10,sn2009iz,-9.99,Ib-norm,2,2,6,Ib-norm,1,Ib
418,4,1024,2500.0,10000.0,8,sn2005mf,-9.99,Ic-norm,3,2,10,Ic-norm,2,Ic
419,5,1024,2500.0,10000.0,8,sn2002cs,0.99,Ia-norm,1,2,0,Ia-norm,0,Ia
420,4,1024,2500.0,10000.0,10,sn02ha,-9.99,Ia-norm,1,2,0,Ia-norm,0,Ia
421,19,1024,2500.0,10000.0,11,sn2004eo,1.38,Ia-norm,1,2,0,Ia-norm,0,Ia
422,10,1024,2500.0,10000.0,8,sn2000cn,1.51,Ia-91bg,1,4,2,Ia-91bg,0,Ia
423,13,1024,2500.0,10000.0,11,sn1995al,0.87,Ia-norm,1,2,0,Ia-norm,0,Ia
424,28,1024,2500.0,10000.0,10,sn1986G,1.65,Ia-91bg,1,4,2,Ia-91bg,0,Ia
425,1,1024,2500.0,10000.0,11,sn98dx,-9.99,Ia-norm,1,2,0,Ia-norm,0,Ia
426,1,1024,2500.0,10000.0,8,sn2000cu,1.48,Ia-norm,1,2,0,Ia-norm,0,Ia
427,48,1024,2500.0,10000.0,10,sn2004et,-9.99,IIP,4,2,13,IIP,3,II
428,3,1024,2500.0,10000.0,11,sn07qe,-9.99,Ia-norm,1,2,0,Ia-norm,0,Ia
429,7,1024,2500.0,10000.0,8,sn2000E,1.09,Ia-norm,1,2,0,Ia-norm,0,Ia
430,1,1024,2500.0,10000.0,11,sn06bu,-9.99,Ia-norm,1,2,0,Ia-norm,0,Ia
431,4,1024,2500.0,10000.0,8,sn1999ek,1.14,Ia-norm,1,2,0,Ia-norm,0,Ia
432,3,1024,2500.0,10000.0,10,sn99da,-9.99,Ia-91bg,1,4,2,Ia-91bg,0,Ia
433,5,1024,2500.0,10000.0,8,sn2000B,1.46,Ia-norm,1,2,0,Ia-norm,0,Ia
434,39,1024,2500.0,10000.0,12,sn1994D,1.37,Ia-norm,1,2,0,Ia-norm,0,Ia
435,4,1024,2500.0,10000.0,8,sn2005mz,1.83,Ia-91bg,1,4,2,Ia-91bg,0,Ia
436,26,1024,2500.0,10000.0,10,sn2003kf,1.1,Ia-norm,1,2,0,Ia-norm,0,Ia
437,9,1024,2500.0,10000.0,12,sn1981B,0.91,Ia-norm,1,2,0,Ia-norm,0,Ia
438,7,1024,2500.0,10000.0,7,sn1998dx,1.32,Ia-norm,1,2,0,Ia-norm,0,Ia
439,4,1024,2500.0,10000.0,10,sn07bm,-9.99,Ia-norm,1,2,0,Ia-norm,0,Ia
440,11,1024,2500.0,10000.0,11,sn2003hv,1.31,Ia-norm,1,2,0,Ia-norm,0,Ia
441,9,1024,2500.0,10000.0,11,sn2001bf,0.99,Ia-norm,1,2,0,Ia-norm,0,Ia
442,4,1024,2500.0,10000.0,10,sn06dm,-9.99,Ia-norm,1,2,0,Ia-norm,0,Ia
443,1,1024,2500.0,10000.0,11,sn06ac,-9.99,Ia-norm,1,2,0,Ia-norm,0,Ia
444,1,1024,2500.0,10000.0,9,sn99by,-9.99,Ia-91bg,1,4,2,Ia-91bg,0,Ia
445,31,1024,2500.0,10000.0,12,sn2011dh,-9.99,IIb,2,4,8,IIb,1,Ib
446,3,1024,2500.0,10000.0,10,sn2003U,1.46,Ia-norm,1,2,0,Ia-norm,0,Ia
447,1,1024,2500.0,10000.0,8,sn2002cf,1.78,Ia-91bg,1,4,2,Ia-91bg,0,Ia
448,2,1024,2500.0,10000.0,10,sn05kc,-9.99,Ia-norm,1,2,0,Ia-norm,0,Ia
449,3,1024,2500.0,10000.0,10,sn98ef,-9.99,Ia-norm,1,2,0,Ia-norm,0,Ia
450,23,1024,2500.0,10000.0,11,sn2002dj,1.19,Ia-norm,1,2,0,Ia-norm,0,Ia
451,12,1024,2500.0,10000.0,11,sn1999ee,0.96,Ia-norm,1,2,0,Ia-norm,0,Ia
452,4,1024,2500.0,10000.0,10,sn1999aw,0.81,Ia-91T,1,3,1,Ia-91T,0,Ia
453,10,1024,2500.0,10000.0,10,sn1994M,1.26,Ia-norm,1,2,0,Ia-norm,0,Ia
454,2,1024,2500.0,10000.0,9,sn2007cq,1.2,Ia-91T,1,3,1,Ia-91T,0,Ia
455,2,1024,2500.0,10000.0,8,sn2008af,1.33,Ia-norm,1,2,0,Ia-norm,0,Ia
456,1,1024,2500.0,10000.0,11,sn02hd,-9.99,Ia-norm,1,2,0,Ia-norm,0,Ia
457,2,1024,2500.0,10000.0,11,sn06sr,-9.99,Ia-norm,1,2,0,Ia-norm,0,Ia
458,1,1024,2500.0,10000.0,8,sn2004ge,-9.99,Ic-norm,3,2,10,Ic-norm,2,Ic
459,10,1024,2500.0,10000.0,9,sn2007fb,-9.99,Ia-norm,1,2,0,Ia-norm,0,Ia
460,8,1024,2500.0,10000.0,8,sn2006cj,0.81,Ia-norm,1,2,0,Ia-norm,0,Ia
461,8,1024,2500.0,10000.0,11,PTF12gzk,-9.99,Ic-norm,3,2,10,Ic-norm,2,Ic
462,1,1024,2500.0,10000.0,10,sn05dv,-9.99,Ia-norm,1,2,0,Ia-norm,0,Ia
463,9,1024,2500.0,10000.0,10,sn08ds,-9.99,Ia-99aa,1,7,1,Ia-91T,0,Ia
464,2,1024,2500.0,10000.0,8,sn2006cm,1.04,Ia-norm,1,2,0,Ia-norm,0,Ia
465,1,1024,2500.0,10000.0,10,sn08A,-9.99,Ia-02cx,1,8,4,Iax,0,Ia
466,15,1024,2500.0,10000.0,11,sn2011ei,-9.99,IIb,2,4,8,IIb,1,Ib
467,18,1024,2500.0,10000.0,11,sn1994ae,0.96,Ia-norm,1,2,0,Ia-norm,0,Ia
468,18,1024,2500.0,10000.0,9,sn2005hg,-9.99,Ib-norm,2,2,6,Ib-norm,1,Ib
469,3,1024,2500.0,10000.0,8,sn2005lu,0.74,Ia-norm,1,2,0,Ia-norm,0,Ia
470,34,1024,2500.0,10000.0,10,sn1998bu,1.03,Ia-norm,1,2,0,Ia-norm,0,Ia
471,16,1024,2500.0,10000.0,13,16gkg,-9.99,IIb,2,4,8,IIb,1,Ib
472,3,1024,2500.0,10000.0,10,sn05ke,-9.99,Ia-91bg,1,4,2,Ia-91bg,0,Ia
473,7,1024,2500.0,10000.0,9,sn1995E,1.16,Ia-norm,1,2,0,Ia-norm,0,Ia
474,2,1024,2500.0,10000.0,9,sn2007kj,-9.99,Ib-norm,2,2,6,Ib-norm,1,Ib
475,1,1024,2500.0,10000.0,10,sn04bw,-9.99,Ia-norm,1,2,0,Ia-norm,0,Ia
476,3,1024,2500.0,10000.0,10,sn06et,-9.99,Ia-norm,1,2,0,Ia-norm,0,Ia
477,1,1024,2500.0,10000.0,8,sn2006cc,0.97,Ia-norm,1,2,0,Ia-norm,0,Ia
478,4,1024,2500.0,10000.0,11,sn02he,-9.99,Ia-norm,1,2,0,Ia-norm,0,Ia
479,34,1024,2500.0,10000.0,11,sn2002ap,-9.99,Ic-broad,3,4,11,Ic-broad,2,Ic
480,15,1024,2500.0,10000.0,8,sn2000fa,1.0,Ia-norm,1,2,0,Ia-norm,0,Ia
481,3,1024,2500.0,10000.0,10,sn2007ag,-9.99,Ib-norm,2,2,6,Ib-norm,1,Ib
482,22,1024,2500.0,10000.0,11,sn2005az,-9.99,Ic-norm,3,2,10,Ic-norm,2,Ic
483,241,1024,2500.0,10000.0,12,sn1987A,-9.99,II-pec,4,3,16,II-pec,3,II
484,14,1024,2500.0,10000.0,8,sn2006H,1.83,Ia-91bg,1,4,2,Ia-91bg,0,Ia
485,1,1024,2500.0,10000.0,10,sn02cf,-9.99,Ia-91bg,1,4,2,Ia-91bg,0,Ia
486,5,1024,2500.0,10000.0,8,sn1996bo,1.16,Ia-norm,1,2,0,Ia-norm,0,Ia
487,12,1024,2500.0,10000.0,8,sn1998ab,1.04,Ia-91T,1,3,1,Ia-91T,0,Ia
488,3,1024,2500.0,10000.0,8,sn2002aw,1.05,Ia-norm,1,2,0,Ia-norm,0,Ia
489,3,1024,2500.0,10000.0,8,sn2002hd,1.16,Ia-norm,1,2,0,Ia-norm,0,Ia
490,1,1024,2500.0,10000.0,8,sn2005bc,1.32,Ia-norm,1,2,0,Ia-norm,0,Ia
491,1,1024,2500.0,10000.0,11,sn02bz,-9.99,Ia-norm,1,2,0,Ia-norm,0,Ia
492,19,1024,2500.0,10000.0,11,sn1999dq,0.86,Ia-91T,1,3,1,Ia-91T,0,Ia
493,1,1024,2500.0,10000.0,9,sn2008L,1.38,Ia-norm,1,2,0,Ia-norm,0,Ia
494,13,1024,2500.0,10000.0,9,sn1997cn,1.9,Ia-91bg,1,4,2,Ia-91bg,0,Ia
495,1,1024,2500.0,10000.0,10,sn98ec,-9.99,Ia-norm,1,2,0,Ia-norm,0,Ia
496,25,1024,2500.0,10000.0,11,sn1989B,1.18,Ia-norm,1,2,0,Ia-norm,0,Ia
497,10,1024,2500.0,10000.0,9,sn2005M,0.87,Ia-91T,1,3,1,Ia-91T,0,Ia
498,12,1024,2500.0,10000.0,10,sn2003ch,1.22,Ia-norm,1,2,0,Ia-norm,0,Ia
499,5,1024,2500.0,10000.0,9,sn2004dn,-9.99,Ic-norm,3,2,10,Ic-norm,2,Ic
500,4,1024,2500.0,10000.0,10,sn06N,-9.99,Ia-norm,1,2,0,Ia-norm,0,Ia
501,9,1024,2500.0,10000.0,9,sn2006S,0.93,Ia-norm,1,2,0,Ia-norm,0,Ia
502,3,1024,2500.0,10000.0,10,sn06bq,-9.99,Ia-norm,1,2,0,Ia-norm,0,Ia
503,15,1024,2500.0,10000.0,8,sn1999gh,1.69,Ia-norm,1,2,0,Ia-norm,0,Ia
504,1,1024,2500.0,10000.0,8,sn2000bh,1.11,Ia-norm,1,2,0,Ia-norm,0,Ia
505,11,1024,2500.0,10000.0,10,sn2002kf,1.2,Ia-norm,1,2,0,Ia-norm,0,Ia
506,7,1024,2500.0,10000.0,10,sn2006T,-9.99,IIb,2,4,8,IIb,1,Ib
507,8,1024,2500.0,10000.0,13,15dtg,-9.99,Ic,3,2,10,Ic-norm,2,Ic
508,9,1024,2500.0,10000.0,13,17ein,-9.99,Ic,3,2,10,Ic-norm,2,Ic
509,5,1024,2500.0,10000.0,10,sn02fk,-9.99,Ia-norm,1,2,0,Ia-norm,0,Ia
510,2,1024,2500.0,10000.0,9,sn2006gj,1.48,Ia-norm,1,2,0,Ia-norm,0,Ia
511,4,1024,2500.0,10000.0,10,sn2005kl,-9.99,Ic-norm,3,2,10,Ic-norm,2,Ic
512,1,1024,2500.0,10000.0,11,sn05bl,1.8,Ia-91bg,1,4,2,Ia-91bg,0,Ia
513,38,1024,2500.0,10000.0,10,sn2001V,0.82,Ia-91T,1,3,1,Ia-91T,0,Ia
514,2,1024,2500.0,10000.0,11,sn06ev,-9.99,Ia-norm,1,2,0,Ia-norm,0,Ia
515,2,1024,2500.0,10000.0,10,sn01bg,-9.99,Ia-norm,1,2,0,Ia-norm,0,Ia
516,9,1024,2500.0,10000.0,8,sn1998V,0.99,Ia-norm,1,2,0,Ia-norm,0,Ia
517,1,1024,2500.0,10000.0,8,sn2006cq,-9.99,Ia-norm,1,2,0,Ia-norm,0,Ia
518,10,1024,2500.0,10000.0,8,sn2005ke,1.82,Ia-91bg,1,4,2,Ia-91bg,0,Ia
519,2,1024,2500.0,10000.0,11,sn00dg,-9.99,Ia-norm,1,2,0,Ia-norm,0,Ia
520,4,1024,2500.0,10000.0,9,sn2007au,1.69,Ia-norm,1,2,0,Ia-norm,0,Ia
